48,99,凱莉小鋪66號,凱莉小鋪【WD30】日本高質感(可刷卡) 戶外防腐實木地板 卡扣設計DIY 花架陽台庭院浴室地板磁磚地磚
47,169,惡南宅急店‧早春鑑賞$499免運,惡南宅急店【0120H】送杯袋+清洗刷  韓國日本 My bottle 隨行杯水壺 運動杯 冷水壺飲料杯
46,13,333哺乳室(母乳保鮮達人),☆333哺乳室☆非低密買十送一【JF0009】日本高密度卡通雙層紗布巾/兒童手帕/餵奶巾/洗澡巾
45,10,好康飾品材料,【1.8mm ~4mm琉璃鑽】日本藤琦鑽＊仿施華洛世奇水鑽＊手機貼鑽材料☆MY飾品材料☆500顆7元
44,80,(黃金屋)外銷SGS認證巧拼地墊.,（黃金屋）外銷日本精緻轉印仿木紋地墊.60*60.1.5cm.一片80.遊戲墊.巧拼.床墊.運動墊.睡墊
43,5,健康本味-熱銷泡麵零食699免運,日本 丹生堂 蛋黃哥占卜巧克力 (單顆賣場) [JP4990327000301]健康本味
42,20,(黃金屋)外銷SGS認證巧拼地墊.,（黃金屋）外銷日本精緻仿木紋地墊.32*32*1.4cm.一片20(附邊條)戲墊.巧拼.床墊.運動墊.睡墊
41,168,芭蒂爾時裝,日本澳洲西班牙ES/TOOT/Aussiebum/ADDICTED/Seobean/2XIST平角三角內褲7件免運費
40,6,兔子家團購網,☆爆殺價☆【日本制造 魔術海綿小號裸裝】10x6x2高科技泡綿神奇魔力廚房清潔納米海棉奈米菜瓜布
39,79,起標價即直購價,只賣真品請安心選購 日本原廠公司貨透明矽膠鼻墊 增高防滑 S/M/L/LL 限時特價 可超取付款
38,10,好康飾品材料,【1.8mm ~4mm琉璃鑽】藤琦鑽＊樹脂鑽＊仿施華洛世奇水鑽＊日本鑽＊平底鑽＊手機貼鑽材料＊美甲鑽☆好康飾品材料☆
37,80,(黃金屋)外銷SGS認證巧拼地墊.,（黃金屋）外銷日本精緻轉印仿木紋地墊.60*60.1.5cm.一片80.(附兩邊條)遊戲墊.巧拼.床墊.運動墊.睡墊
36,10,好康飾品材料,【日本原宿水印貼】DLS 25~150 水印貼紙 指甲貼紙 水轉印貼紙 光療水印貼紙 美甲貼紙 美甲材料☆好康飾品材料☆
35,10,好康飾品材料,【日本原宿水印貼紙】DLS 156~283 指甲貼紙 水轉印貼紙 光療水印貼紙 美甲貼紙 貼花 美甲材料☆好康飾品材料☆
34,10,健康本味-熱銷泡麵零食699免運,日本 丹生堂 占卜甜甜圈造型巧克力 單顆裝 [JP4990327000134]健康本味
33,65,新品上架中！限時宅配滿499免運,My bottle 韓國 日本 Today&#39;s special 隨身 水果杯 水瓶 檸檬杯 冷水壺 飲料杯【RS325】
32,45,便宜實用,便宜實用 韓國 日本 My bottle 隨身瓶 水瓶 檸檬杯 飲料 創意杯 熊大 鴨子 運動杯
31,20,(黃金屋)外銷SGS認證巧拼地墊.,（黃金屋）外銷日本精緻仿木紋地墊.32*32*1.4cm.一片20(附邊條)戲墊.巧拼.床墊.運動墊.睡墊
30,39,333哺乳室(母乳保鮮達人),*333哺乳室☆【EC0009】 日本全新三層加厚超吸水可洗防溢乳墊(二片裝)哺乳衣母乳袋
29,80,(黃金屋)外銷SGS認證巧拼地墊.,（黃金屋）外銷日本精緻轉印仿木紋地墊.60*60.1.5cm.一片80.遊戲墊.巧拼.床墊.運動墊.睡墊
28,185,Kelly日韓嚴選,【限定香味新到貨】日本P&G Lenor Happiness 寶石洗衣芳香粒 香香豆 日本狂賣
27,54,超取499免運;宅配888免運,◎123便利屋◎【DW140】日本暢銷竹炭衣類整理袋-小65L-竹碳收納盒 收納箱 透明視窗整理箱
26,59,Hanna 早春新品折扣中,Today&#39;s special My bottle 隨身杯 水果杯 水瓶 檸檬杯  韓國 日本 Hanna【RS325】
25,79,新品上架中！限時宅配滿499免運,My bottle 韓國 日本 LINE 熊大 莎莉 水果杯 水瓶 檸檬杯 水壺 飲料杯 運動『價格讚』【RS327】
24,195,嘉芸的店日式精品,嘉芸的店 P&G 洗衣芳香顆粒 375g 日本衣物香香豆 日本洗衣 芳香顆粒(新增限量款綠色)【可超取付款 可刷卡】
23,119,新品上架中！限時宅配滿499免運,日本超夯 3D魔髮梳 球形梳 造型按摩梳 3D球型空氣造型梳 3D球梳 3D神器炸彈梳捲髮器 Lucky 【RS330】
22,48,全館滿399全家免運(海馬除外),My bottle創意随行杯韓國日本My bottle水杯水果水瓶檸檬杯冷水壺飲料杯-UN 宇晨精品【D0715】
21,88,貝比幸福小舖-瘋狂一元搶購,日本原裝【40421-A】NISSEN加厚超吸款-四層學習褲-戒尿布首選A++特優級-本檔限定超殺價
20,180,貓麻吉 滿2000現抵50元,貓麻吉 日本進口   P&G 香香豆 消臭系列 衣物專用柔軟 芳香豆 衣物芳香顆粒 洗衣香粒 香香豆
19,70,向日葵 0981692838 小天,~ 向日葵生活鋪 ~ 日本原裝進口無磷皂 洗碗皂 無磷皂 購一箱30個免運
18,7,健康本味-熱銷泡麵零食699免運,日本 丹生堂 占卜香蕉造型巧克力 單顆賣場 [JP4990327000035]健康本味
17,55,Life365 全館499免運,My bottle 水杯 韓國 日本 Today&#39;s special 水瓶 檸檬杯 冷水壺 飲料杯 隨身杯【RS325】
16,19,▲傑米▼郵寄399│超取499免運,《Jami Honey》【JJ0202】高挺鼻必備！日本防滑透明矽膠眼鏡鼻墊(2入)
15,75,Chis Store＊滿399免運,Chis Store【運動時尚】My bottle 韓國日本 LINE 熊大 莎莉雞 水果杯水瓶檸檬杯水壺情人節禮物
14,249,PS樂 全館滿千折百,PS樂【CJ812】韓國日本 My bottle 保溫瓶 隨手瓶 水壺 飲料杯  Starbucks 星巴克可用 保溫杯
13,65,Life365 全館499免運,Line 水杯 My bottle  韓國 日本 L熊大 莎莉 水果杯 水瓶 檸檬杯 水壺 飲料杯 運動【RS327】
12,80,(黃金屋)外銷SGS認證巧拼地墊.,（黃金屋）外銷日本精緻轉印仿木紋地墊.60*60.1.5cm.一片80.(附兩邊條)遊戲墊.巧拼.床墊.運動墊.睡墊
11,190,【Fantasy 范特西】,【Fantasy】日本 GONESH 芳香膠 No.8 春之薄霧車用芳香劑 精油香氛 共9種香味 (後山埤可面交)
10,175,【COLOR FULL】打造你的專屬美麗,COLORFULL~【B0015】獨家日本梨花兔梨花熊 絨毛波浪條紋保暖室內拖鞋情侶拖鞋地板拖鞋無印良品居家拖 20款
9,289,☆MUSE 愛美神☆ 可刷卡!,日本花王溫感蒸氣眼罩【薰衣草、洋甘菊、無香、玫瑰花、薄荷、柚子、肩貼兩款任選】☆愛美神☆
8,8,【今飾精品】專業贈禮品批發零售,【今飾精品】B0484 日本熱賣款帶燈照明LED挖耳器LED耳扒發光挖耳棒LED挖耳棒附鑷子、夾子
7,89,01/14新品上架折扣中,日本超夯 3D魔髮梳 球形梳 3D球型空氣造型梳 3D球梳 3D神器炸彈梳捲髮器 Lucky ASHA 【RS331】
6,3,非織不可-下標前請看關於我,【非織不可】日本Crown 皇冠牌珠針 大頭針 定位針 每支3元 長珠針 耐熱 可高溫熨燙 可車縫
5,49,原廠蘋果線250 防旋轉自拍組150,【愛phone】日本 韓國 Today&#39;s special My bottle 隨行杯 水瓶 檸檬杯 冷水壺 飲料杯
4,170,飛天豬二小姐的家,日本現貨在台〜雪肌粹日本7-11合作限定 (12條以上(4盒)免運 唷)
3,55,篁城竹簾,【篁城竹簾代號：671B】寧夏和風‧外銷日本限量款~遮陽‧百葉.佈置‧屏風‧窗簾適用
2,780,Pikka Pikka,日本Pikka Pikka♥林鴒菲拉蕾拉遊巴黎♥ A33/毛孔潔淨洗臉布/精品拭淨布/免運費
1,49,寶貝樂園 新品上架,【 日本品牌 PP褲】 九分褲/屁屁褲/打底褲//動物屁屁褲加厚/ 寶貝樂園【 LM05002】
